SERIES,SYMBOL,SECURITY,RECORD_DT,BC_STRT_DT,BC_END_DT,EX_DT,ND_STRT_DT,ND_END_DT,PURPOSE
B1,HATSUN,Hatsun Re.0.8 ppd up,10/05/2019, , ,03/05/2019,03/05/2019,09/05/2019,INT DIV - RS 1.60 PER SH 
B3,IBVENTURES,IBVENTURES Rs.1.10 pd up,09/05/2019, , ,02/05/2019,02/05/2019,08/05/2019,INT DIV - RE 0.55 PER SH 
BE,TATAPOWER,TATA POWER LTD, ,07/06/2019,18/06/2019,04/06/2019, , ,AGM/DIV-RS 1.30 PER SH   
BE,TTKPRESTIG,TTK Prestige Ltd.,16/05/2019, , ,15/05/2019, , ,BONUS 1:5                
BE,PAPERPROD,Huhtamaki PPL Limited, ,26/04/2019,09/05/2019,24/04/2019, , ,AGM/DIV-RS 3 PER SH      
BE,GAMMONIND,Gammon India Ltd., ,30/05/2019,07/06/2019,28/05/2019, , ,ANNUAL GENERAL MEETING   
BE,MONSANTO,Monsanto India Limited, ,12/06/2019,14/06/2019,10/06/2019, , ,AGM/DIV-RS 25 PER SH     
BE,GMBREW,GM Breweries Ltd., ,08/05/2019,14/05/2019,06/05/2019, , ,AGM/DIV-RS 3 PER SH      
BE,VISAKAIND,Visaka Industries Ltd., ,22/06/2019,27/06/2019,20/06/2019, , ,AGM/DIV-RS 7 PER SH      
BE,GODREJCP,Godrej Cons Products Ltd ,13/05/2019, , ,10/05/2019, , ,INT DIV - RS 2 PER SH    
BE,KANSAINER,Kansai Nerolac Paints Ltd, ,15/06/2019,21/06/2019,13/06/2019, , ,AGM/DIV-RS 2.60 PER SH   
BE,GDL,Gateway Distriparks Ltd.,22/05/2019, , ,21/05/2019, , ,INTERIM DIVIDEND         
BE,TATACOFFEE,Tata Coffee Limited, ,22/05/2019,03/06/2019,20/05/2019, , ,AGM/DIV-RS 1.50 PER SH   
BE,YESBANK,Yes Bank Limited, ,06/06/2019,12/06/2019,03/06/2019, , ,AGM/DIV-RS 2 PER SH      
BE,RSYSTEMS,R Systems International L, ,24/05/2019,28/05/2019,22/05/2019, , ,ANNUAL GENERAL MEETING   
BE,ECLERX,eClerx Services Limited,10/05/2019, , ,09/05/2019, , ,BUY BACK                 
BE,HINDUNILVR,Hindustan Unilever Ltd, ,22/06/2019,29/06/2019,20/06/2019, , ,AGM/DIV-RS 13 PER SH     
BE,JMFINANCIL,JM Financial Limited, ,14/05/2019,17/05/2019,10/05/2019, , ,AGM/DIV-RE 0.50 PER SH   
BE,NAVINFLUOR,Navin Fluorine Internatio, ,11/06/2019,14/06/2019,07/06/2019, , ,DIV-RS 4 PER SH          
BE,MERCK,Merck Limited, ,25/05/2019,31/05/2019,23/05/2019, , ,AGM/ DIV-RS 440 PER SH   
BE,APCOTEXIND,Apcotex Industries Ltd., ,25/05/2019,03/06/2019,23/05/2019, , ,AGM/DIV-RS 7.50 PER SH   
BE,MADHAV,Madhav Marbles and Granit, ,24/05/2019,31/05/2019,22/05/2019, , ,EGM                      
BE,TATAGLOBAL,Tata Global Beverages Ltd, ,28/05/2019,04/06/2019,24/05/2019, , ,AGM/DIV-RS 2.50 PER SH   
BE,SRSLTD,SRS Limited, ,08/05/2019,14/05/2019,06/05/2019, , ,ANNUAL GENERAL MEETING   
BE,INFY,Infosys Limited, ,15/06/2019,15/06/2019,13/06/2019, , ,AGM/DIV-RS 10.50 PER SH  
BE,LINDEINDIA,BOC India Limited, ,10/05/2019,16/05/2019,08/05/2019, , ,AGM/DIV-RS 1.50 PER SH   
BE,CASTROLIND,Castrol India Limited, ,11/05/2019,15/05/2019,09/05/2019, , ,AGM/DIV - RS 2.75 PER SH 
BE,DCBBANK,Dcb Bank Limited, ,25/05/2019,01/06/2019,23/05/2019, , ,AGM/DIV-RE 1 PER SH      
BE,HATSUN,Hatsun Agro Product Ltd.,10/05/2019, , ,09/05/2019, , ,INT DIV - RS 2 PER SH    
BE,IBVENTURES,Indiabulls Ventures Ltd,09/05/2019, , ,08/05/2019, , ,INT DIV - RE 1 PER SH    
BE,VISHNU,Vishnu Chemicals Limited, ,14/06/2019,27/06/2019,12/06/2019, , ,DIV-RE 1 PER SH          
BE,JMA,Jullundur Mot Agency Ltd,15/05/2019, , ,14/05/2019, , ,FVSPLT FRM RS 10 TO RS 2 
BE,MOLDTKPAC,Mold-Tek Packaging Ltd,10/05/2019, , ,09/05/2019, , ,INT DIV - RS 2 PER SH    
BE,RNAM,Reliance Nippon L A M Ltd,10/05/2019, , ,09/05/2019, , ,INT DIV - RS 3 PER SH    
BE,SIS,Security Intell Services, ,21/06/2019,21/06/2019,19/06/2019, , ,AGM/DIV-RS 3.50 PER SH   
BE,HCLTECH,HCL Technologies Ltd.,17/05/2019, , ,16/05/2019, , ,INTERIM DIVIDEND         
BE,RALLIS,Rallis India Ltd., ,21/06/2019,28/06/2019,19/06/2019, , ,AGM/DIV-RS 2.50 PER SH   
BE,GHCL,GHCL Limited,23/05/2019, , ,22/05/2019, , ,AGM/DIV-RS 5 PER SH      
BZ,SRSLTD,SRS Limited, ,08/05/2019,14/05/2019,06/05/2019, , ,ANNUAL GENERAL MEETING   
BZ,GAMMONIND,Gammon India Ltd., ,30/05/2019,07/06/2019,28/05/2019, , ,ANNUAL GENERAL MEETING   
E1,HATSUN,Hatsun Re.0.8 ppd up,10/05/2019, , ,09/05/2019, , ,INT DIV - RS 1.60 PER SH 
E3,IBVENTURES,IBVENTURES Rs.1.10 pd up,09/05/2019, , ,08/05/2019, , ,INT DIV - RE 0.55 PER SH 
EQ,GHCL,GHCL Limited,23/05/2019, , ,22/05/2019, , ,AGM/DIV-RS 5 PER SH      
EQ,VISAKAIND,Visaka Industries Ltd., ,22/06/2019,27/06/2019,20/06/2019, , ,AGM/DIV-RS 7 PER SH      
EQ,TTKPRESTIG,TTK Prestige Ltd.,16/05/2019, , ,15/05/2019, , ,BONUS 1:5                
EQ,GAMMONIND,Gammon India Ltd., ,30/05/2019,07/06/2019,28/05/2019, , ,ANNUAL GENERAL MEETING   
EQ,HCLTECH,HCL Technologies Ltd.,17/05/2019, , ,16/05/2019, , ,INTERIM DIVIDEND         
EQ,MONSANTO,Monsanto India Limited, ,12/06/2019,14/06/2019,10/06/2019, , ,AGM/DIV-RS 25 PER SH     
EQ,PAPERPROD,Huhtamaki PPL Limited, ,26/04/2019,09/05/2019,24/04/2019, , ,AGM/DIV-RS 3 PER SH      
EQ,GODREJCP,Godrej Cons Products Ltd ,13/05/2019, , ,10/05/2019, , ,INT DIV - RS 2 PER SH    
EQ,KANSAINER,Kansai Nerolac Paints Ltd, ,15/06/2019,21/06/2019,13/06/2019, , ,AGM/DIV-RS 2.60 PER SH   
EQ,GDL,Gateway Distriparks Limit,22/05/2019, , ,21/05/2019, , ,INTERIM DIVIDEND         
EQ,TATACOFFEE,Tata Coffee Limited, ,22/05/2019,03/06/2019,20/05/2019, , ,AGM/DIV-RS 1.50 PER SH   
EQ,RSYSTEMS,R Systems International L, ,24/05/2019,28/05/2019,22/05/2019, , ,ANNUAL GENERAL MEETING   
EQ,YESBANK,Yes Bank Limited, ,06/06/2019,12/06/2019,03/06/2019, , ,AGM/DIV-RS 2 PER SH      
EQ,ECLERX,eClerx Services Limited,10/05/2019, , ,09/05/2019, , ,BUY BACK                 
EQ,HINDUNILVR,Hindustan Unilever Ltd, ,22/06/2019,29/06/2019,20/06/2019, , ,AGM/DIV-RS 13 PER SH     
EQ,JMFINANCIL,JM Financial Limited, ,14/05/2019,17/05/2019,10/05/2019, , ,AGM/DIV-RE 0.50 PER SH   
EQ,NAVINFLUOR,Navin Fluorine Internatio, ,11/06/2019,14/06/2019,07/06/2019, , ,DIV-RS 4 PER SH          
EQ,MERCK,Merck Limited, ,25/05/2019,31/05/2019,23/05/2019, , ,AGM/ DIV-RS 440 PER SH   
EQ,APCOTEXIND,Apcotex Industries Ltd., ,25/05/2019,03/06/2019,23/05/2019, , ,AGM/DIV-RS 7.50 PER SH   
EQ,MADHAV,Madhav Marbles and Granit, ,24/05/2019,31/05/2019,22/05/2019, , ,EGM                      
EQ,TATAGLOBAL,Tata Global Beverages Ltd, ,28/05/2019,04/06/2019,24/05/2019, , ,AGM/DIV-RS 2.50 PER SH   
EQ,SRSLTD,SRS Limited, ,08/05/2019,14/05/2019,06/05/2019, , ,ANNUAL GENERAL MEETING   
EQ,INFY,Infosys Limited, ,15/06/2019,15/06/2019,13/06/2019, , ,AGM/DIV-RS 10.50 PER SH  
EQ,LINDEINDIA,BOC India Limited, ,10/05/2019,16/05/2019,08/05/2019, , ,AGM/DIV-RS 1.50 PER SH   
EQ,CASTROLIND,Castrol India Limited, ,11/05/2019,15/05/2019,09/05/2019, , ,AGM/DIV - RS 2.75 PER SH 
EQ,DCBBANK,Dcb Bank Limited, ,25/05/2019,01/06/2019,23/05/2019, , ,AGM/DIV-RE 1 PER SH      
EQ,HATSUN,Hatsun Agro Product Ltd.,10/05/2019, , ,09/05/2019, , ,INT DIV - RS 2 PER SH    
EQ,IBVENTURES,Indiabulls Ventures Ltd,09/05/2019, , ,08/05/2019, , ,INT DIV - RE 1 PER SH    
EQ,VISHNU,Vishnu Chemicals Limited, ,14/06/2019,27/06/2019,12/06/2019, , ,DIV-RE 1 PER SH          
EQ,JMA,Jullundur Mot Agency Ltd,15/05/2019, , ,14/05/2019, , ,FVSPLT FRM RS 10 TO RS 2 
EQ,MOLDTKPAC,Mold-Tek Packaging Ltd,10/05/2019, , ,09/05/2019, , ,INT DIV - RS 2 PER SH    
EQ,RNAM,Reliance Nippon L A M Ltd,10/05/2019, , ,09/05/2019, , ,INT DIV - RS 3 PER SH    
EQ,SIS,Security Intell Services, ,21/06/2019,21/06/2019,19/06/2019, , ,AGM/DIV-RS 3.50 PER SH   
EQ,GMBREW,GM Breweries Ltd., ,08/05/2019,14/05/2019,06/05/2019, , ,AGM/DIV-RS 3 PER SH      
EQ,RALLIS,Rallis India Ltd., ,21/06/2019,28/06/2019,19/06/2019, , ,AGM/DIV-RS 2.50 PER SH   
EQ,TATAPOWER,Tata Power Co. Ltd., ,07/06/2019,18/06/2019,04/06/2019, , ,AGM/DIV-RS 1.30 PER SH   
GS,824GS2033,GOI LOAN 8.24% 2033,09/05/2019, , ,08/05/2019, , ,INTEREST PAYMENT         
GS,817GS2044,GOI LOAN 8.17% 2044,31/05/2019, , ,30/05/2019, , ,INTEREST PAYMENT         
GS,833GS2036,GOI LOAN 8.33% 2036,06/06/2019, , ,04/06/2019, , ,INTEREST PAYMENT         
GS,86GS2028,GOI LOAN 8.6% 2028,01/06/2019, , ,30/05/2019, , ,INTEREST PAYMENT         
GS,883GS2023,GOI LOAN 8.83% 2023,24/05/2019, , ,23/05/2019, , ,INTEREST PAYMENT         
GS,883GS2041,GOI LOAN 8.83% 2041,11/06/2019, , ,10/06/2019, , ,INTEREST PAYMENT         
GS,897GS2030,GOI LOAN 8.97% 2030,04/06/2019, , ,03/06/2019, , ,INTEREST PAYMENT         
GS,915GS2024,GOI LOAN 9.15% 2024,13/05/2019, , ,10/05/2019, , ,INTEREST PAYMENT         
GS,835GS2022,GOI LOAN 8.35% 2022,13/05/2019, , ,10/05/2019, , ,INTEREST PAYMENT         
GS,1025GS2021,GOI LOAN 10.25% 2021,30/05/2019, , ,29/05/2019, , ,INTEREST PAYMENT         
GS,605GS2019,GOI LOAN 6.05% 2019,10/06/2019, , ,07/06/2019, , ,INT PAYMENT/REDEMPTION   
GS,613GS2028,GOI LOAN 6.13% 2028,03/06/2019, , ,31/05/2019, , ,INTEREST PAYMENT         
GS,617GS2023,GOI LOAN 6.17% 2023,11/06/2019, , ,10/06/2019, , ,INTEREST PAYMENT         
GS,657GS2033,GOI LOAN 6.57% 2033,04/06/2019, , ,03/06/2019, , ,INTEREST PAYMENT         
GS,662GS2051,GOI LOAN 6.62% 2051,27/05/2019, , ,24/05/2019, , ,INTEREST PAYMENT         
GS,679GS2027,GOI LOAN 6.79% 2027,14/05/2019, , ,13/05/2019, , ,INTEREST PAYMENT         
GS,684GS2022,GOI LOAN 6.84% 2022,18/06/2019, , ,17/06/2019, , ,INTEREST PAYMENT         
GS,716GS2023,GOI LOAN 7.16% 2023,17/05/2019, , ,16/05/2019, , ,INTEREST PAYMENT         
GS,728GS2019,GOI LOAN 7.28% 2019,01/06/2019, , ,30/05/2019, , ,INT PAYMENT/REDEMPTION   
GS,768GS2023,GOI LOAN 7.68% 2023,14/06/2019, , ,13/06/2019, , ,INTEREST PAYMENT         
GS,772GS2025,GOI LOAN 7.72% 2025,24/05/2019, , ,23/05/2019, , ,INTEREST PAYMENT         
GS,773GS2034,GOI LOAN 7.73% 2034,18/06/2019, , ,17/06/2019, , ,INTEREST PAYMENT         
GS,794GS2021,GOI LOAN 7.94% 2021,23/05/2019, , ,22/05/2019, , ,INTEREST PAYMENT         
GS,812GS2020,GOI LOAN 8.12% 2020,07/06/2019, , ,06/06/2019, , ,INTEREST PAYMENT         
GS,815GS2022A,GOI LOAN 8.15% 2022,10/06/2019, , ,07/06/2019, , ,INTEREST PAYMENT         
GS,815GS2026,GOI LOAN 8.15% 2026,23/05/2019, , ,22/05/2019, , ,INTEREST PAYMENT         
GS,827GS2020,GOI LOAN 8.27% 2020,07/06/2019, , ,06/06/2019, , ,INTEREST PAYMENT         
IV,IRBINVIT,IRB InvIT Fund,10/05/2019, , ,09/05/2019, , ,INT RS2.20/RET CAP RE0.90
M8,SRTRANSFIN,BOND 10% PA SRN S-II,21/06/2019, , ,20/06/2019, , ,INT PAYMENT/REDEMPTION   
M9,SRTRANSFIN,BOND 10.15% PA SRN S-III,21/06/2019, , ,20/06/2019, , ,INTEREST PAYMENT         
MA,SRTRANSFIN,BOND 9.57% PA SRN S-IV,13/05/2019, , ,06/05/2019,06/05/2019,10/05/2019,INTEREST PAYMENT         
MB,SRTRANSFIN,BOND 9.71% PA SRN S-V,13/06/2019, , ,12/06/2019, , ,INTEREST PAYMENT         
MB,SRTRANSFIN,BOND 9.71% PA SRN S-V,13/05/2019, , ,10/05/2019, , ,INTEREST PAYMENT         
MF,UFIS2QPRP5,UTI-FIIF II-QIP- V-RDP,13/05/2019, , , , , ,DIV/STP                  
MF,UFIS2QPRR5,UTI-FIIF II-QIP- V-RDR,13/05/2019, , , , , ,DIV/STP                  
MF,UFIS2QPRG5,UTI-FIIF II-QIP- V-RG,13/05/2019, , , , , ,STP                      
MF,UTFIMIPRPI,UTI-FIIF - MIP - I - RDP,13/05/2019, , , , , ,DIV/STP                  
MF,UTFIMIPRRI,UTI-FIIF - MIP - I - RDR,13/05/2019, , , , , ,DIV/STP                  
MF,UTFIMIPRGI,UTI-FIIF - MIP - I - RG,13/05/2019, , , , , ,STP                      
MF,UTFIMIPIPI,UTI-FIIF - MIP - I - IDP,13/05/2019, , , , , ,DIV/STP                  
MF,UIQIPRRIII,UTI-FIIF QIP - III - RDR,27/05/2019, , , , , ,DIV/STP                  
MF,UIQIPRPIII,UTI-FIIF QIP - III - RDP,27/05/2019, , , , , ,DIV/STP                  
MF,UIQIPRGIII,UTI-FIIF QIP - III - RG,27/05/2019, , , , , ,STP                      
MF,UIQIPIPIII,UTI-FIIF QIP - III - IDP,27/05/2019, , , , , ,DIV/STP                  
MF,UDQIPIPIII,UTIAMC - UDQIPIPIII,27/05/2019, , , , , ,DIV/STP                  
MF,UDQIPIRIII,UTIAMC - UDQIPIRIII,27/05/2019, , , , , ,DIV/STP                  
MF,UDQIPIGIII,UTIAMC - UDQIPIGIII,27/05/2019, , , , , ,STP                      
MF,UFDS2QPIP5,UTIAMC - UFDS2QPIP5,13/05/2019, , , , , ,DIV/STP                  
MF,UFDS2QPIG5,UTIAMC - UFDS2QPIG5,13/05/2019, , , , , ,STP                      
MF,UTFDMIPIGI,UTIAMC - UTFDMIPIGI,13/05/2019, , , , , ,STP                      
MF,UTFDMIPIPI,UTIAMC - UTFDMIPIPI,13/05/2019, , , , , ,DIV/STP                  
MF,IPRU8975,ICICIPRAMC - IPRU8975, ,09/05/2019,09/05/2019, , , ,DIV/REDEMPTION           
MF,IPRU8974,ICICIPRAMC - IPRU8974, ,09/05/2019,09/05/2019, , , ,REDEMPTION               
MF,IPRU2773,ICICIPRAMC - IPRU2773, ,09/05/2019,09/05/2019, , , ,DIV/REDEMPTION           
MF,IPRU2772,ICICIPRAMC - IPRU2772, ,09/05/2019,09/05/2019, , , ,REDEMPTION               
MF,UTFRGR24P6,UTIAMC - UTFRGR24P6,27/05/2019, , , , , ,REDEMPTION               
MF,UTFDGR24P6,UTIAMC - UTFDGR24P6,27/05/2019, , , , , ,REDEMPTION               
MF,UFRQP24P12,UTIAMC - UFRQP24P12,14/05/2019, , , , , ,DIV/REDEMPTION           
MF,UFRMP24P12,UTIAMC - UFRMP24P12,14/05/2019, , , , , ,DIV/REDEMPTION           
MF,UFRGR24P12,UTIAMC - UFRGR24P12,14/05/2019, , , , , ,REDEMPTION               
MF,UFRFP24P12,UTIAMC - UFRFP24P12,14/05/2019, , , , , ,DIV/REDEMPTION           
MF,UFRAP24P12,UTIAMC - UFRAP24P12,14/05/2019, , , , , ,DIV/REDEMPTION           
MF,UFDQP24P12,UTIAMC - UFDQP24P12,14/05/2019, , , , , ,DIV/REDEMPTION           
MF,UFDMP24P12,UTIAMC - UFDMP24P12,14/05/2019, , , , , ,DIV/REDEMPTION           
MF,UFDGR24P12,UTIAMC - UFDGR24P12,14/05/2019, , , , , ,REDEMPTION               
MF,UFDAP24P12,UTIAMC - UFDAP24P12,14/05/2019, , , , , ,DIV/REDEMPTION           
MF,KTK194RG,KOTAKMAMC - KTK194RG,15/05/2019, , , , , ,REDEMPTION               
MF,KTK194RD,KOTAKMAMC - KTK194RD,15/05/2019, , , , , ,REDEMPTION               
MF,KTK194DG,KOTAKMAMC - KTK194DG,15/05/2019, , , , , ,REDEMPTION               
MF,H1111ADARD,HDFCAMC - H1111ADARD,27/05/2019, , , , , ,DIV/REDEMPTION           
MF,H1111ADARG,HDFCAMC - H1111ADARG,27/05/2019, , , , , ,REDEMPTION               
MF,H1111ADADD,HDFCAMC - H1111ADADD,27/05/2019, , , , , ,DIV/REDEMPTION           
MF,H1111ADADG,HDFCAMC - H1111ADADG,27/05/2019, , , , , ,REDEMPTION               
MF,UFRQP24P13,UTIAMC - UFRQP24P13,28/05/2019, , , , , ,DIV/REDEMPTION           
MF,UFRMP24P13,UTIAMC - UFRMP24P13,28/05/2019, , , , , ,DIV/REDEMPTION           
MF,UFRGR24P13,UTIAMC - UFRGR24P13,28/05/2019, , , , , ,REDEMPTION               
MF,UFRFP24P13,UTIAMC - UFRFP24P13,28/05/2019, , , , , ,DIV/REDEMPTION           
MF,UFRAP24P13,UTIAMC - UFRAP24P13,28/05/2019, , , , , ,DIV/REDEMPTION           
MF,UFDQP24P13,UTIAMC - UFDQP24P13,28/05/2019, , , , , ,DIV/REDEMPTION           
MF,UFDMP24P13,UTIAMC - UFDMP24P13,28/05/2019, , , , , ,DIV/REDEMPTION           
MF,UFDGR24P13,UTIAMC - UFDGR24P13,28/05/2019, , , , , ,REDEMPTION               
MF,UFDAP24P13,UTIAMC - UFDAP24P13,28/05/2019, , , , , ,DIV/REDEMPTION           
MF,H117529JRQ,HDFCAMC - H117529JRQ,03/06/2019, , , , , ,DIV/REDEMPTION           
MF,H117529JRD,HDFCAMC - H117529JRD,03/06/2019, , , , , ,DIV/REDEMPTION           
MF,H117529JRG,HDFCAMC - H117529JRG,03/06/2019, , , , , ,REDEMPTION               
MF,H117529JDF,HDFCAMC - H117529JDF,03/06/2019, , , , , ,DIV/REDEMPTION           
MF,H117529JDQ,HDFCAMC - H117529JDQ,03/06/2019, , , , , ,DIV/REDEMPTION           
MF,H117529JDD,HDFCAMC - H117529JDD,03/06/2019, , , , , ,DIV/REDEMPTION           
MF,H117529JDG,HDFCAMC - H117529JDG,03/06/2019, , , , , ,REDEMPTION               
MH,SRTRANSFIN,Sec Red NCD 8.93% Sr. I,24/05/2019, , ,17/05/2019,17/05/2019,23/05/2019,INTEREST PAYMENT         
MI,SRTRANSFIN,Sec Red NCD 9.03% Sr. II,24/05/2019, , ,17/05/2019,17/05/2019,23/05/2019,INTEREST PAYMENT         
ML,SRTRANSFIN,Sec Red NCD 9.40% Sr. V,26/06/2019, , ,25/06/2019, , ,INTEREST PAYMENT         
MO,SRTRANSFIN,Sec Red NCD 9.12% Sr. I,13/06/2019, , ,12/06/2019, , ,INTEREST PAYMENT         
MO,SRTRANSFIN,Sec Red NCD 9.12% Sr. I,13/05/2019, , ,10/05/2019, , ,INTEREST PAYMENT         
MP,SRTRANSFIN,Sec Red NCD 9.30% Sr. II,13/06/2019, , ,12/06/2019, , ,INTEREST PAYMENT         
MP,SRTRANSFIN,Sec Red NCD 9.30% Sr. II,13/05/2019, , ,10/05/2019, , ,INTEREST PAYMENT         
MV,SRTRANSFIN,Shriram Transport Finance,16/06/2019, , ,13/06/2019, , ,INTEREST PAYMENT         
MV,SRTRANSFIN,Shriram Transport Finance,17/05/2019, , ,16/05/2019, , ,INTEREST PAYMENT         
MW,SRTRANSFIN,Shriram Transport Finance,17/05/2019, , ,16/05/2019, , ,INTEREST PAYMENT         
MW,SRTRANSFIN,Shriram Transport Finance,16/06/2019, , ,13/06/2019, , ,INTEREST PAYMENT         
N2,IIHFL,IIHFL 12.00 NCD Opt I,23/05/2019, , ,22/05/2019, , ,INTEREST PAYMENT         
N3,ICFL,Indiabulls Consumer Finan,24/05/2019, , ,23/05/2019, , ,INTEREST PAYMENT         
N6,ICFL,Indiabulls Consumer Finan,24/05/2019, , ,23/05/2019, , ,INTEREST PAYMENT         
N7,IBUCCREDIT,SeReNCD8.66%SrIVCIII&IV,10/05/2019, , ,09/05/2019, , ,INTEREST PAYMENT         
N7,SREIBNPNCD,9.75% SRNCD Sr VII,23/05/2019, , ,22/05/2019, , ,INTEREST PAYMENT         
NA,IBUCCREDIT,SeReNCD8.75%SrVICI&II,10/05/2019, , ,09/05/2019, , ,INTEREST PAYMENT         
NB,IBUCCREDIT,SeReNCD8.84%SrVICIII&IV,10/05/2019, , ,09/05/2019, , ,INTEREST PAYMENT         
NC,SREIBNPNCD,8.90% SRNCD Sr II A,23/05/2019, , ,22/05/2019, , ,INTEREST PAYMENT         
ND,SREIBNPNCD,9.12% SRNCD Sr II B,23/05/2019, , ,22/05/2019, , ,INTEREST PAYMENT         
NE,IFCI,9.40 % SRNCD Sr III,24/05/2019, , ,23/05/2019, , ,INTEREST PAYMENT         
NF,IIFLFIN,India Infoline Finance Li,22/05/2019, , ,21/05/2019, , ,INTEREST PAYMENT         
NH,IIFLFIN,India Infoline Finance Li,22/05/2019, , ,21/05/2019, , ,INTEREST PAYMENT         
NI,SREIBNPNCD,9.11% SRNCD Sr V A,23/05/2019, , ,22/05/2019, , ,INTEREST PAYMENT         
NJ,SREIBNPNCD,9.35% SRNCD Sr V B,23/05/2019, , ,22/05/2019, , ,INTEREST PAYMENT         
NO,SREIBNPNCD,Uns Red NCD 9.25% Sr. I,15/05/2019, , ,14/05/2019, , ,INTEREST PAYMENT         
NO,SREIBNPNCD,Uns Red NCD 9.25% Sr. I,17/06/2019, , ,14/06/2019, , ,INTEREST PAYMENT         
NQ,SREINFRA,BOND 10.95% PASNSIVC-I&II,17/05/2019, , , , , ,INT PAYMENT/ REDEMPTION  
NR,SREIBNPNCD,Uns Red NCD 9.35% Sr. IV,15/05/2019, , ,14/05/2019, , ,INTEREST PAYMENT         
NR,SREINFRA,BOND 11.40% PA SNSIVC-III,17/05/2019, , , , , ,INT PAYMENT/ REDEMPTION  
NR,SREIBNPNCD,Uns Red NCD 9.35% Sr. IV,17/06/2019, , ,14/06/2019, , ,INTEREST PAYMENT         
NU,SREIBNPNCD,Uns Red NCD 9.50% Sr. VII,15/05/2019, , ,14/05/2019, , ,INTEREST PAYMENT         
NU,SREIBNPNCD,Uns Red NCD 9.50% Sr. VII,17/06/2019, , ,14/06/2019, , ,INTEREST PAYMENT         
SM,AAKASH,Aakash Exploration Ser L, ,02/05/2019,11/05/2019,26/04/2019, , ,EGM                      
SQ,AAKASH,Aakash Exploration Ser L, ,02/05/2019,11/05/2019,26/04/2019, , ,EGM                      
ST,AAKASH,Aakash Exploration Ser L, ,02/05/2019,11/05/2019,26/04/2019, , ,EGM                      
U2,IIHFL,IIHFL 12.00 NCD Opt I,23/05/2019, , ,22/05/2019, , ,INTEREST PAYMENT         
U3,ICFL,Indiabulls Consumer Finan,24/05/2019, , ,23/05/2019, , ,INTEREST PAYMENT         
U6,ICFL,Indiabulls Consumer Finan,24/05/2019, , ,23/05/2019, , ,INTEREST PAYMENT         
U7,SREIBNPNCD,9.75% SRNCD Sr VII,23/05/2019, , ,22/05/2019, , ,INTEREST PAYMENT         
U7,IBUCCREDIT,SeReNCD8.66%SrIVCIII&IV,10/05/2019, , ,09/05/2019, , ,INTEREST PAYMENT         
UA,IBUCCREDIT,SeReNCD8.75%SrVICI&II,10/05/2019, , ,09/05/2019, , ,INTEREST PAYMENT         
UB,IBUCCREDIT,SeReNCD8.84%SrVICIII&IV,10/05/2019, , ,09/05/2019, , ,INTEREST PAYMENT         
UC,SREIBNPNCD,8.90% SRNCD Sr II A,23/05/2019, , ,22/05/2019, , ,INTEREST PAYMENT         
UD,SREIBNPNCD,9.12% SRNCD Sr II B,23/05/2019, , ,22/05/2019, , ,INTEREST PAYMENT         
UE,IFCI,9.40 % SRNCD Sr III,24/05/2019, , ,23/05/2019, , ,INTEREST PAYMENT         
UF,IIFLFIN,India Infoline Finance Li,22/05/2019, , ,21/05/2019, , ,INTEREST PAYMENT         
UH,IIFLFIN,India Infoline Finance Li,22/05/2019, , ,21/05/2019, , ,INTEREST PAYMENT         
UI,SREIBNPNCD,9.11% SRNCD Sr V A,23/05/2019, , ,22/05/2019, , ,INTEREST PAYMENT         
UJ,SREIBNPNCD,9.35% SRNCD Sr V B,23/05/2019, , ,22/05/2019, , ,INTEREST PAYMENT         
UO,SREIBNPNCD,Uns Red NCD 9.25% Sr. I,17/06/2019, , ,14/06/2019, , ,INTEREST PAYMENT         
UO,SREIBNPNCD,Uns Red NCD 9.25% Sr. I,15/05/2019, , ,14/05/2019, , ,INTEREST PAYMENT         
UQ,SREINFRA,BOND 10.95% PASNSIVC-I&II,17/05/2019, , , , , ,INT PAYMENT/ REDEMPTION  
UR,SREIBNPNCD,Uns Red NCD 9.35% Sr. IV,15/05/2019, , ,14/05/2019, , ,INTEREST PAYMENT         
UR,SREIBNPNCD,Uns Red NCD 9.35% Sr. IV,17/06/2019, , ,14/06/2019, , ,INTEREST PAYMENT         
UR,SREINFRA,BOND 11.40% PA SNSIVC-III,17/05/2019, , , , , ,INT PAYMENT/ REDEMPTION  
UU,SREIBNPNCD,Uns Red NCD 9.50% Sr. VII,17/06/2019, , ,14/06/2019, , ,INTEREST PAYMENT         
UU,SREIBNPNCD,Uns Red NCD 9.50% Sr. VII,15/05/2019, , ,14/05/2019, , ,INTEREST PAYMENT         
X1,HATSUN,Hatsun Re.0.8 ppd up,10/05/2019, , ,03/05/2019,03/05/2019,09/05/2019,INT DIV - RS 1.60 PER SH 
X3,IBVENTURES,IBVENTURES Rs.1.10 pd up,09/05/2019, , ,08/05/2019, , ,INT DIV - RE 0.55 PER SH 
Y8,SRTRANSFIN,BOND 10% PA SRN S-II,21/06/2019, , ,20/06/2019, , ,INT PAYMENT/REDEMPTION   
Y9,SRTRANSFIN,BOND 10.15% PA SRN S-III,21/06/2019, , ,20/06/2019, , ,INTEREST PAYMENT         
YA,SRTRANSFIN,BOND 9.57% PA SRN S-IV,21/06/2019, , ,20/06/2019, , ,INT PAYMENT/REDEMPTION   
YA,SRTRANSFIN,BOND 9.57% PA SRN S-IV,13/06/2019, , ,12/06/2019, , ,INTEREST PAYMENT         
YA,SRTRANSFIN,BOND 9.57% PA SRN S-IV,13/05/2019, , ,10/05/2019, , ,INTEREST PAYMENT         
YB,SRTRANSFIN,BOND 9.71% PA SRN S-V,13/06/2019, , ,12/06/2019, , ,INTEREST PAYMENT         
YB,SRTRANSFIN,BOND 9.71% PA SRN S-V,13/05/2019, , ,10/05/2019, , ,INTEREST PAYMENT         
YD,SRTRANSFIN,BOND PA SRN S-VII,21/06/2019, , ,20/06/2019, , ,INT PAYMENT/REDEMPTION   
YH,SRTRANSFIN,Sec Red NCD 8.93% Sr. I,26/06/2019, , ,25/06/2019, , ,INTEREST PAYMENT         
YH,SRTRANSFIN,Sec Red NCD 8.93% Sr. I,24/05/2019, , ,23/05/2019, , ,INTEREST PAYMENT         
YI,SRTRANSFIN,Sec Red NCD 9.03% Sr. II,26/06/2019, , ,25/06/2019, , ,INTEREST PAYMENT         
YI,SRTRANSFIN,Sec Red NCD 9.03% Sr. II,24/05/2019, , ,23/05/2019, , ,INTEREST PAYMENT         
YJ,SRTRANSFIN,Sec Red NCD 9.10% Sr. III,26/06/2019, , ,25/06/2019, , ,INTEREST PAYMENT         
YK,SRTRANSFIN,Sec Red NCD 9.30% Sr. IV,26/06/2019, , ,25/06/2019, , ,INTEREST PAYMENT         
YL,SRTRANSFIN,Sec Red NCD 9.40% Sr. V,26/06/2019, , ,25/06/2019, , ,INTEREST PAYMENT         
YO,SRTRANSFIN,Sec Red NCD 9.12% Sr. I,13/06/2019, , ,12/06/2019, , ,INTEREST PAYMENT         
YO,SRTRANSFIN,Sec Red NCD 9.12% Sr. I,13/05/2019, , ,10/05/2019, , ,INTEREST PAYMENT         
YP,SRTRANSFIN,Sec Red NCD 9.30% Sr. II,13/06/2019, , ,12/06/2019, , ,INTEREST PAYMENT         
YP,SRTRANSFIN,Sec Red NCD 9.30% Sr. II,13/05/2019, , ,10/05/2019, , ,INTEREST PAYMENT         
YV,SRTRANSFIN,Shriram Transport Finance,16/06/2019, , ,13/06/2019, , ,INTEREST PAYMENT         
YV,SRTRANSFIN,Shriram Transport Finance,17/05/2019, , ,16/05/2019, , ,INTEREST PAYMENT         
YW,SRTRANSFIN,Shriram Transport Finance,17/05/2019, , ,16/05/2019, , ,INTEREST PAYMENT         
YW,SRTRANSFIN,Shriram Transport Finance,16/06/2019, , ,13/06/2019, , ,INTEREST PAYMENT         

