SYMBOL,SERIES,SECURITY,HIGH/LOW,INDEX FLAG
63MOONS,EQ,63 MOONS TECHNOLOGIES LTD,H
ADHUNIK,BE,ADHUNIK METALIKS LTD.,H
ADROITINFO,BE,ADROIT INFOTECH LIMITED,H
ALOKTEXT,BE,ALOK INDUSTRIES LTD,H
ANKITMETAL,BE,ANKIT MET & POW LTD,H
ASHAPURMIN,BE,ASHAPURA MINECHEM LTD,H
ASSAMCO,BE,ASSAM COMPANY INDIA LTD,H
BALAXI,BE,BALAXI VENTURES LIMITED,H
BURNPUR,BE,BURNPUR CEMENT LTD.,H
BVCL,BE,BARAK VALLEY CEM. LTD.,H
CELESTIAL,EQ,CELESTIAL BIOLABS LTD,H
CREATIVE,SM,CREATIVE PERI & DIST LTD.,H
DBSTOCKBRO,EQ,DB (INT) STOCK BROKERS,H
DIAPOWER,BZ,DIAMOND POWER INFRA LTD,H
DIGJAMLTD,BE,DIGJAM LIMITED,H
DNAMEDIA,EQ,DILIGENT MEDIA CORP LTD.,H
EASTSILK,BE,EASTERN SILK INDUSTRIES L,H
ELAND,BE,E-LAND APPAREL LIMITED,H
ESSARSHPNG,BE,ESSAR SHIPPING LTD,H
EUROCERA,BE,EURO CERAMICS LTD,H
EXCEL,BE,EXCEL REALTY N INFRA LTD,H
FOCUS,SM,FOCUS LIGHTG & FIXTRS LTD,H
GAMMNINFRA,EQ,GAMMON INFRA PROJ LTD.,H
GANGOTRI,BZ,GANGOTRI TEXTILES LTD.,H
HILTON,BE,HILTON METAL FORGING LTD,H
HINDSYNTEX,EQ,HIND SYNTEX LTD,H
IL&FSTRANS,BZ,IL&FS TRANS NET LTD,H
IMPEXFERRO,BE,IMPEX FERRO TECH LIMITED,H
INDSWFTLTD,BE,IND-SWIFT LIMITED,H
IPRU2397,MF,ICICIPRAMC - IPRU2397,H
JAINSTUDIO,BZ,JAIN STUDIOS LIMITED,H
JIKIND,BE,JIK INDUSTRIES LTD,H
JPPOWER,EQ,JAIPRAKASH POWER VEN. LTD,H
JVLAGRO,BZ,JVL AGRO INDUSTRIES LTD,H
KANANIIND,EQ,KANANI INDUSTRIES LTD,H
KAVVERITEL,EQ,KAVVERI TEL. LTD.,H
KOTARISUG,EQ,KOTHARI SUG & CHEM LTD.,H
LEXUS,SM,LEXUS GRANITO (INDIA) LTD,H
LIBAS,SM,LIBAS DESIGNS LIMITED,H
LICNETFGSC,EQ,LICNAMC - LICNMFET,H
LYPSAGEMS,EQ,LYPSA GEMS & JEWEL LTD,H
MASKINVEST,BE,MASK INVESTMENTS LIMITED,H
MCLEODRUSS,EQ,MCLEOD RUSSEL INDIA LTD.,H
METALFORGE,EQ,METALYST FORGINGS LIMITED,H
METKORE,BE,METKORE ALLOYS & IND LTD,H
MIC,BE,MIC ELECTRONICS LIMITED,H
MUKANDLTD,P1,0.01% CUM. RED. PREF,H
NAGAROIL,EQ,NAGARJUNA OIL REFINERY,H
NEOGEN,BE,NEOGEN CHEMICALS LIMITED,H
OISL,BE,OCL IRON AND STEEL LTD,H
OMKARCHEM,EQ,OMKAR SPL CHEM LTD,H
PARABDRUGS,BE,PARABOLIC DRUGS LTD,H
PROSEED,EQ,PROSEED INDIA LIMITED,H
PROVOGE,BE,PROVOGUE (INDIA) LIMITED,H
PSL,EQ,PSL LIMITED,H
RAINBOWPAP,BE,RAINBOW PAPERS LTD,H
RCOM,EQ,RELIANCE COMMUNICATIONS L,H
RKDL,BE,RAVI KUMAR DIST. LTD.,H
RMDRIP,SM,R M DRIP & SPRINK SYS LTD,H
SANCO,EQ,SANCO INDUSTRIES LIMITED,H
SHIRPUR-G,EQ,SHIRPUR GOLD REFINERY LTD,H
SITASHREE,BE,SITA SHREE FOOD PROD LTD,H
SKIL,BE,SKIL INFRASTRUCTURE LTD.,H
SMPL,BE,SPLENDID METAL PRODUCTS L,H
SOMATEX,BE,SOMA TEXTILEI NDUSTRIES L,H
SPCENET,EQ,SPACENET ENTERS IND LTD,H
SPLIL,EQ,SPL INDUSTRIES LIMITED,H
STAMPEDE,BE,STAMPEDE CAPITAL LTD,H
SUBEX,EQ,SUBEX LIMITED,H
SUJANAUNI,BE,SUJANA UNI. INDS. LTD.,H
TARAJEWELS,BE,TARA JEWELS LIMITED,H
TECHIN,EQ,TECHINDIA NIRMAN LIMITED,H
TVVISION,BE,TV VISION LIMITED,H
UNITECH,EQ,UNITECH LTD,H
UNITY,BZ,UNITY INFRAPROJECTS LTD,H
VICEROY,BE,VICEROY HOTELS LIMITED,H
VIDEOIND,BZ,VIDEOCON INDUSTRIES LIMIT,H
VIJIFIN,EQ,VIJI FINANCE LIMITED,H
WSI,BE,W.S.INDUSTRIES (I) LTD.,H
ZENITHBIR,BE,ZENITH BIRLA (INDIA) LTD,H
21STCENMGM,EQ,21ST CENTURY MGMT SERVICE,L
ABGSHIP,BZ,ABG SHIPYARD LTD,L
AGROPHOS,BE,AGRO PHOS INDIA LIMITED,L
AIFL,BE,ASHAPURA INTI FASHION LTD,L
ALCHEM,BE,ALCHEMIST LTD,L
ALPSINDUS,BE,ALPS INDUSTRIES LTD.,L
ANDHRACEMT,BE,ANDHRA CEMENTS LIMITED,L
ANGIND,BZ,ANG INDUSTRIES LIMITED,L
ANKITMETAL,BE,ANKIT MET & POW LTD,L
ANTGRAPHIC,BE,ANTARCTICA LTD,L
ARCOTECH,BE,ARCOTECH LIMITED,L
ARIHANTSUP,BE,ARIHANT SUPERSTRUCT LTD,L
ARSSINFRA,BE,ARSS INFRA PROJ. LTD,L
ASSAMCO,BE,ASSAM COMPANY INDIA LTD,L
BALLARPUR,EQ,BALLARPUR INDUSTRIES LTD,L
BCG,BE,BRIGHTCOM GROUP LIMITED,L
BCONCEPTS,SM,BRAND CONCEPTS LIMITED,L
BGLOBAL,BE,BHARATIYA GLOBAL INFO LTD,L
BILENERGY,BE,BIL ENERGY SYSTEMS LTD,L
BINANIIND,BE,BINANI INDUSTRIES LTD,L
BLUECOAST,EQ,BLUE COAST HOTELS LIMITED,L
BURNPUR,BE,BURNPUR CEMENT LTD.,L
CASTEXTECH,EQ,CASTEX TECHNOLOGIES LTD.,L
CHROMATIC,EQ,CHROMATIC INDIA LTD,L
CKFSL,EQ,COX & KINGS FIN SERV LTD,L
DIAPOWER,BZ,DIAMOND POWER INFRA LTD,L
DIGJAMLTD,BE,DIGJAM LIMITED,L
DNAMEDIA,EQ,DILIGENT MEDIA CORP LTD.,L
DQE,EQ,DQ ENTERTAINMENT INT LTD,L
EDUCOMP,BZ,EDUCOMP SOLUTIONS LTD,L
EMCO,BE,EMCO LIMITED,L
EVEREADY,EQ,EVEREADY INDS. IND.  LTD.,L
EXCEL,BE,EXCEL REALTY N INFRA LTD,L
FCSSOFT,EQ,FCS SOFTWARE SOLN. LTD.,L
FLEXITUFF,EQ,FLEXITUFF VENTURES INT L,L
FOURTHDIM,SM,FOURTH DIMEN. SOLUT. LTD,L
GANGOTRI,BZ,GANGOTRI TEXTILES LTD.,L
GAYAHWS,EQ,GAYATRI HIGHWAYS LIMITED,L
GLOBALVECT,BE,GLOBAL VEC HELICORP LTD,L
GOENKA,BZ,GOENKA DIAMOND&JEWELS LTD,L
GPTINFRA,EQ,GPT INFRAPROJECTS LTD,L
GREENPOWER,BE,ORIENT GREEN POWER CO LTD,L
GTLINFRA,EQ,GTL INFRA.LTD,L
HAVISHA,BE,SRI HAVISHA HOSP & INFR L,L
HINDMOTORS,BE,HINDUSTAN MOTORS LIMITED,L
IGPL,EQ,I G PETROCHEMICALS LTD,L
IL&FSENGG,BZ,IL&FS ENG AND CONS CO LTD,L
IL&FSTRANS,BZ,IL&FS TRANS NET LTD,L
IMPEXFERRO,BE,IMPEX FERRO TECH LIMITED,L
IVC,EQ,IL&FS INVESTMENT MANAGERS,L
IVRCLINFRA,EQ,IVRCL LIMITED,L
JAIBALAJI,BE,JAI BALAJI INDUSTRIES LTD,L
JAIHINDPRO,BE,JAIHIND PROJECTS LTD,L
JAYNECOIND,BE,JAYASWAL NECO INDUSTR LTD,L
JIKIND,BE,JIK INDUSTRIES LTD,L
JPINFRATEC,EQ,JAYPEE INFRATECH LTD,L
JPPOWER,EQ,JAIPRAKASH POWER VEN. LTD,L
JVLAGRO,BZ,JVL AGRO INDUSTRIES LTD,L
KGL,BE,KARUTURI GLOBAL LIMITED,L
KHAITANELE,BE,KHAITAN ELECTRICALS LTD,L
KSERASERA,EQ,KSS LIMITED,L
KSK,EQ,KSK ENERGY VENTURES LTD,L
LEEL,EQ,LEEL ELECTRICALS LIMITED,L
LGBFORGE,BE,LGB FORGE LIMITED,L
LPDC,EQ,LANDMARK PR.DEV.CO.LTD,L
LSIL,EQ,LLOYDS STEELS IND. LTD.,L
MBECL,BE,MCNALLY BH. ENG. CO.LTD,L
MERCATOR,EQ,MERCATOR LIMITED,L
METKORE,BE,METKORE ALLOYS & IND LTD,L
MIC,BE,MIC ELECTRONICS LIMITED,L
MODIRUBBER,BE,MODI RUBBER LTD,L
MOHOTAIND,EQ,MOHOTA INDUSTRIES LIMITED,L
MVL,EQ,MVL LIMITED,L
NITINFIRE,EQ,NITIN FIRE PROT IND. LTD.,L
NTL,BE,NEUEON TOWERS LIMITED,L
NUTEK,BZ,NU TEK INDIA LTD,L
OISL,BE,OCL IRON AND STEEL LTD,L
ORCHIDPHAR,BZ,ORCHID PHARMA LIMITED,L
PARABDRUGS,BE,PARABOLIC DRUGS LTD,L
PEARLPOLY,BE,PEARL POLYMERS LTD,L
PETRONENGG,BE,PETRON ENGG CONSTRUCT LTD,L
PKTEA,BE,THE P K TEA PROD CO LTD,L
PRADIP,BE,PRADIP OVERSEAS LTD,L
PREMIER,BE,PREMIER LIMITED,L
PROLIFE,SM,PROLIFE INDUSTRIES LTD,L
PROSEED,EQ,PROSEED INDIA LIMITED,L
PUNJLLOYD,BE,PUNJ LLOYD LIMITED,L
QUINTEGRA,EQ,QUINTEGRA SOLUTIONS LTD.,L
RADAAN,EQ,RADAAN MEDIAWORKS (I) LTD,L
RAINBOWPAP,BE,RAINBOW PAPERS LTD,L
RAJRAYON,BE,RAJ RAYON INDUSTRIES LTD,L
RAMGOPOLY,BE,RAMGOPAL POLYTEX LIMITED,L
REFEX,BE,REFEX INDUSTRIES LIMITED,L
REGENCERAM,BE,REGENCYCERAMICS-LTD,L
ROLLT,BE,ROLLATAINERS LIMITED,L
ROLTA,BE,ROLTA INDIA - DEP SETT,L
RUCHINFRA,BE,RUCHI INFRASTRUCTURE LTD,L
RUCHISOYA,EQ,RUCHI SOYA INDUSTRIES LTD,L
SABTN,BE,SRI ADHIKARI BROS.,L
SAGARDEEP,BE,SAGARDEEP ALLOYS LIMITED,L
SAKHTISUG,BE,SAKHTISUG SUGARS LTD,L
SCAPDVR,BE,STAMPEDE CAPITAL LIMITED,L
SEPOWER,EQ,S.E. POWER LIMITED,L
SHILPI,BZ,SHILPI CABLE TECH LTD,L
SHIRPUR-G,EQ,SHIRPUR GOLD REFINERY LTD,L
SIL,BE,STANDARD INDUSTRIES LTD.,L
SITASHREE,BE,SITA SHREE FOOD PROD LTD,L
SITINET,BE,SITI NETWORKS LIMITED,L
SPCENET,EQ,SPACENET ENTERS IND LTD,L
SPICEMOBI,EQ,SPICE MOBILITY LIMITED,L
SPYL,BE,SHEKHAWATI POLY-YARN LTD.,L
SRSLTD,BZ,SRS LIMITED,L
STAMPEDE,BE,STAMPEDE CAPITAL LTD,L
SUJANAUNI,BE,SUJANA UNI. INDS. LTD.,L
SUNILHITEC,BE,SUNIL HITECH ENGR. LTD,L
SUPREMEINF,BE,SUPREME INFRA. LTD.,L
SYNCOM,BE,SYNCOM HEALTHCARE LTD,L
TANTIACONS,BE,TANTIA CONST LTD,L
TARAJEWELS,BE,TARA JEWELS LIMITED,L
UNIPLY,EQ,UNIPLY INDUSTRIES LIMITED,L
UNITECH,EQ,UNITECH LTD,L
UVSL,EQ,UTTAM VALUE STEELS LTD,L
VIDEOIND,BZ,VIDEOCON INDUSTRIES LIMIT,L
VIJIFIN,EQ,VIJI FINANCE LIMITED,L
VIKASMCORP,BE,VIKAS MULTICORP LIMITED,L
VISESHINFO,BE,VISESH INFOTECNICS LTD,L
WANBURY,BE,WANBURY LIMITED,L
WILLAMAGOR,EQ,WILLIAMSON MAGOR,L
WINSOME,BE,WINSOME YARNS LIMITED,L
XLENERGY,BE,XL ENERGY LIMITED,L
ZICOM,BE,ZICOM ELECT SEC SYS LTD,L
