GAIN_LOSS,SECURITY,CLOSE_PRIC,PREV_CL_PR,PERCENT_CG
 ,Nifty 50 Sec., , , 
 , , , , 
G,UPL LIMITED,       961.65,       951.15,1.1
G,JSW STEEL LIMITED,       289.25,       288.10,.4
G,BHARAT PETROLEUM CORP  LT,       379.80,       378.85,.25
G,TITAN COMPANY LIMITED,      1088.70,      1086.50,.2
G,COAL INDIA LTD,       249.10,       248.80,.12
G,HCL TECHNOLOGIES LTD,      1132.60,      1131.75,.08
G,TATA CONSULTANCY SERV LT,      2152.85,      2151.95,.04
G,CIPLA LTD,       558.00,       557.95,.01
 , , , , 
L,ZEE ENTERTAINMENT ENT LTD,       331.60,       369.15,-10.17
L,RELIANCE INDUSTRIES LTD,      1299.45,      1343.50,-3.28
L,BAJAJ FINANCE LIMITED,      2921.30,      3017.05,-3.17
L,TATA MOTORS LIMITED,       185.10,       190.95,-3.06
L,BAJAJ FINSERV LTD.,      7345.75,      7561.95,-2.86
L,VEDANTA LIMITED,       159.40,       163.50,-2.51
L,BAJAJ AUTO LIMITED,      2957.75,      3033.05,-2.48
L,NTPC LTD,       130.80,       134.10,-2.46
L,YES BANK LIMITED,       160.75,       164.75,-2.43
L,STATE BANK OF INDIA,       298.25,       305.45,-2.36
L,MAHINDRA & MAHINDRA LTD,       621.65,       636.00,-2.26
L,SUN PHARMACEUTICAL IND L,       439.15,       448.20,-2.02
L,HDFC LTD,      1930.75,      1966.30,-1.81
L,INDUSIND BANK LIMITED,      1488.75,      1515.80,-1.78
L,OIL AND NATURAL GAS CORP.,       168.90,       171.70,-1.63
L,TECH MAHINDRA LIMITED,       802.30,       814.65,-1.52
L,TATA STEEL LIMITED,       522.65,       530.60,-1.5
L,DR. REDDY'S LABORATORIES,      2900.50,      2942.45,-1.43
L,ICICI BANK LTD.,       382.20,       386.50,-1.11
L,HERO MOTOCORP LIMITED,      2499.70,      2527.35,-1.09
L,WIPRO LTD,       290.85,       293.85,-1.02
L,GAIL (INDIA) LTD,       337.50,       340.75,-0.95
L,AXIS BANK LIMITED,       735.50,       741.85,-0.86
L,INDIABULLS HSG FIN LTD,       673.00,       678.60,-0.83
L,INDIAN OIL CORP LTD,       152.20,       153.45,-0.81
L,POWER GRID CORP. LTD.,       190.00,       191.55,-0.81
L,MARUTI SUZUKI INDIA LTD.,      6650.15,      6702.00,-0.77
L,INFOSYS LIMITED,       719.35,       724.55,-0.72
L,HDFC BANK LTD,      2307.25,      2322.35,-0.65
L,ADANI PORT & SEZ LTD,       369.80,       371.90,-0.56
 , , , , 
 ,Nifty Next 50 Sec., , , 
 , , , , 
G,MRF LTD,     54117.75,     52944.65,2.22
G,UNITED SPIRITS LIMITED,       526.80,       522.30,0.86
G,P&G HYGIENE & HEALTH CARE,     10424.30,     10346.80,0.75
G,SHRIRAM TRANSPORT FIN CO.,      1027.25,      1023.00,0.42
G,SHREE CEMENT LIMITED,     19832.50,     19766.60,0.33
G,HDFC LIFE INS CO LTD,       410.25,       409.25,0.24
G,ICICI LOMBARD GIC LIMITED,      1059.35,      1056.85,0.24
G,GODREJ CONSUMER PRODUCTS,       636.10,       636.00,0.02
G,ASHOK LEYLAND LTD,        85.95,        85.95,0
 , , , , 
L,VODAFONE IDEA LIMITED,        14.30,        15.60,-8.33
L,CADILA HEALTHCARE LIMITED,       286.60,       299.20,-4.21
L,BANDHAN BANK LIMITED,       571.25,       590.85,-3.32
L,PIRAMAL ENTERPRISES LTD,      2193.10,      2267.95,-3.3
L,BHEL,        61.75,        63.80,-3.21
L,L&T FINANCE HOLDINGS LTD,       118.75,       122.45,-3.02
L,SIEMENS LTD,      1089.05,      1122.00,-2.94
L,CONTAINER CORP OF IND LTD,       477.20,       489.85,-2.58
L,BOSCH LIMITED,     17328.85,     17784.70,-2.56
L,BAJAJ HOLDINGS & INVS LTD,      3102.25,      3178.05,-2.39
L,AMBUJA CEMENTS LTD,       213.35,       218.20,-2.22
L,ICICI PRU LIFE INS CO LTD,       356.90,       365.00,-2.22
L,DABUR INDIA LTD,       367.25,       375.50,-2.2
L,PAGE INDUSTRIES LTD,     21355.40,     21799.30,-2.04
L,SBI LIFE INSURANCE CO LTD,       650.55,       662.10,-1.74
L,ABB INDIA LIMITED,      1453.55,      1478.80,-1.71
L,THE NEW INDIA ASSU CO LTD,       174.40,       177.10,-1.52
L,NHPC LTD,        22.90,        23.25,-1.51
L,BANK OF BARODA,       110.95,       112.55,-1.42
L,COLGATE PALMOLIVE LTD.,      1142.40,      1158.65,-1.4
L,UNITED BREWERIES LTD,      1361.50,      1380.35,-1.37
L,DIVI'S LABORATORIES LTD,      1668.50,      1689.15,-1.22
L,PIDILITE INDUSTRIES LTD,      1164.35,      1178.70,-1.22
L,MARICO LIMITED,       355.15,       359.40,-1.18
L,HINDUSTAN PETROLEUM CORP,       281.90,       285.00,-1.09
L,BIOCON LIMITED.,       545.70,       550.90,-0.94
L,PETRONET LNG LIMITED,       235.90,       238.00,-0.88
L,GENERAL INS CORP OF INDIA,       236.35,       238.45,-0.88
L,MOTHERSON SUMI SYSTEMS LT,       130.50,       131.65,-0.87
L,NMDC LTD.,        95.85,        96.65,-0.83
 , , , , 
 ,OTHER SECURITIES, , , 
 , , , , 
G,NAGARJUNA OIL REFINERY,          .30,          .25,20
G,SANCO INDUSTRIES LIMITED,        16.70,        13.95,19.71
G,0.01% CUM. RED. PREF,         6.50,         5.45,19.27
G,IBULLSAMC - IBMFNIFTY,       140.00,       117.45,19.2
G,KOTHARI SUG & CHEM LTD.,         9.95,         8.50,17.06
G,SAMBHAAV MEDIA LTD,         4.40,         3.90,12.82
G,ICICIPRAMC - IPRU2397,         9.90,         9.00,10
G,SASTASUNDAR VENTURES LTD,       117.90,       107.30,9.88
G,PALASH SECURITIES LTD,        43.85,        40.00,9.63
G,SUBEX LIMITED,         6.90,         6.30,9.52
G,SHAIVAL REALITY LIMITED,        32.10,        29.35,9.37
G,EDELAMC - EMOFSR1RDP,         7.86,         7.20,9.17
G,TECHINDIA NIRMAN LIMITED,         4.80,         4.40,9.09
G,SPL INDUSTRIES LIMITED,        47.00,        43.40,8.29
G,DPSC LIMITED,        11.45,        10.60,8.02
G,SHEMAROO ENTER. LTD.,       389.45,       361.60,7.7
G,ONMOBILE GLOBAL LTD.,        39.70,        37.30,6.43
G,CG POWER AND IND SOL LTD,        39.20,        36.85,6.38
G,SEC RED NCD 9.25% SR. 5B,       869.00,       820.00,5.98
G,SIKKO INDUSTRIES LIMITED,        33.90,        32.00,5.94
G,PRITISH NANDY COMMUNICATI,        15.50,        14.65,5.8
G,SUMIT WOODS LIMITED,        35.35,        33.45,5.68
G,LICNAMC - LICNMFET,        18.99,        17.99,5.56
G,PSL LIMITED,          .95,          .90,5.56
G,ORIENT PRESS LIMITED,       144.60,       137.00,5.55
G,BEARDSELL LIMITED,        16.70,        15.85,5.36
G,EDELWEISS FIN SERV LTD,       146.50,       139.45,5.06
G,PANAMA PETROCHEM LTD,       126.40,       120.35,5.03
G,JMT AUTO LIMITED,         2.10,         2.00,5
G,63 MOONS TECHNOLOGIES LTD,       175.40,       167.05,5
 , , , , 
L,MVL LIMITED,          .20,          .25,-20
L,FCS SOFTWARE SOLN. LTD.,          .20,          .25,-20
L,SEC RED NCD SR. 9B,       860.00,      1055.00,-18.48
L,SECUR CREDENTIALS LIMITED,        84.00,       101.95,-17.61
L,EDELWEISS ETF-NIFTY BANK,      3087.50,      3625.00,-14.83
L,ALPA LABORATORIES LTD,        24.55,        28.60,-14.16
L,COUNTRY CONDO'S LIMITED,         2.30,         2.60,-11.54
L,IVRCL LIMITED,          .40,          .45,-11.11
L,BIRLASLAMC - ABSLNN50ET,       280.04,       313.20,-10.59
L,EVEREADY INDS. IND.  LTD.,        90.35,       100.35,-9.97
L,UNIPLY INDUSTRIES LIMITED,        43.45,        48.25,-9.95
L,FLEXITUFF VENTURES INT L,        37.65,        41.80,-9.93
L,BRIGHT SOLAR LIMITED,        20.30,        22.50,-9.78
L,SEC RED NCD 9.12% SR. VI,       880.00,       975.00,-9.74
L,WILLIAMSON MAGOR,        27.05,        29.95,-9.68
L,PRESSMAN ADVERTISING LTD,        26.20,        28.90,-9.34
L,VISAGAR POLYTEX LTD,          .50,          .55,-9.09
L,BIRLASLAMC - ABSLRIF6RG,         7.25,         7.95,-8.81
L,ADVANI HOT.& RES.(I) LTD,        57.05,        62.40,-8.57
L,ARIHANT FOUN & HOU LTD,        24.80,        27.00,-8.15
L,SPICE MOBILITY LIMITED,         6.85,         7.45,-8.05
L,KSHITIJ POLYLINE LIMITED,        23.00,        25.00,-8
L,INDOWIND ENERGY LTD,         4.60,         5.00,-8
L,COX & KINGS LIMITED,       105.70,       114.80,-7.93
L,SPML INFRA LIMITED,        28.15,        30.55,-7.86
L,RADAAN MEDIAWORKS (I) LTD,         2.35,         2.55,-7.84
L,J & K BANK LTD.,        54.45,        58.85,-7.48
L,WHEELS INDIA LTD,       873.30,       943.55,-7.45
L,THANGAMAYIL JEWELLERY LTD,       290.30,       313.55,-7.42
L,AXISCADES ENGG TECH LTD,        45.50,        49.10,-7.33
