SECURITY,NEW,PREVIOUS,NEW_STATUS
SERENCD 9.05% SR.VI OPII,1006,1005,H
BALAXI VENTURES LIMITED,121.35,115.6,H
BOND 8% 2020 TR-I SR-I,5109,5060,H
LICNAMC - LICNMFET,21.99,20.55,H
SHUBHLAXMI JEWEL ART LTD,108.9,105,H
63 MOONS TECHNOLOGIES LTD,175.4,167.05,H
ICICIPRAMC - IPRU2397,9.9,9,H
MITTAL LIFE STYLE LIMITED,155.05,153.5,H
ABAN OFFSHORE LTD.,49,49.25,L
ANDHRA CEMENTS LIMITED,4.1,4.2,L
ANIK INDUSTRIES LTD,12.55,12.6,L
BLUE COAST HOTELS LIMITED,18.05,19,L
DILIGENT MEDIA CORP LTD.,0.8,0.85,L
SEC RED NCD 10.20% SR. I,900.41,941.1,L
EMAMI REALTY LIMITED,99,101.4,L
SEC RED NCD 9.25% SR. VI,850,865,L
HCL INFOSYSTEMS LTD,15.35,15.55,L
UNSEC RED NCD 10.0% SR. V,960.6,980,L
IVRCL LIMITED,0.4,0.45,L
JINDAL COTEX LTD,3.55,3.6,L
KOTHARI PRODUCTS LTD,73.65,75,L
NILA SPACES LIMITED,1.6,1.7,L
OSIA HYPER RETAIL LTD,265,268,L
SMS PHARMACEUTICALS LTD.,56,57,L
TREJHARA SOLUTIONS LTD,23.05,24.05,L
AXISCADES ENGG TECH LTD,43.9,47,L
BALKRISHNA PAPER MILLS L,32.65,32.95,L
ESSAR SHIPPING LTD,10.05,10.15,L
VODAFONE IDEA LIMITED,13.65,14.9,L
IL&FS TRANS NET LTD,4.4,4.5,L
MANUGRAPH INDIA LIMITED,21.55,23.15,L
NEUEON TOWERS LIMITED,0.6,0.65,L
PODDAR HOUSE & DVPT LTD,475,491,L
PRAXIS HOME RETAIL LTD,134.45,136.1,L
SKIL INFRASTRUCTURE LTD.,8.05,8.1,L
SINTEX PLASTICS TECH LTD,16.35,16.8,L
SUNDARAM FINANCE HOLD LTD,74.9,77,L
ASTRON PAPER BORD MIL LTD,86.2,89.15,L
BKM INDUSTRIES LIMITED,4,4.1,L
HIGH GROUND ENTP LTD,5.8,5.9,L
MERCATOR LIMITED,3.55,3.7,L
PARSVNATH DEVELOPER LTD,3.75,4.35,L
RENAISSANCE GLOBAL LTD,288.35,297.95,L
STAMPEDE CAPITAL LIMITED,0.65,0.7,L
TREE HOUSE EDU LTD,4.35,4.4,L
THE ANUP ENGINEERING LTD,420,436.05,L
D B REALTY LIMITED,11.75,12.85,L
DOLLAR INDUSTRIES LIMITED,250,252.6,L
EMCO LIMITED,2.55,2.65,L
EXPLEO SOLUTIONS LIMITED,436.15,446.25,L
IL&FS ENG AND CONS CO LTD,7.2,7.4,L
NAVKAR CORPORATION LTD.,29.5,30.5,L
RELIANCE HOME FINANCE LTD,20.55,21.8,L
RATTANINDIA POWER LIMITED,2.3,2.45,L
SHALBY LIMITED,124,124.25,L
BINANI INDUSTRIES LTD,28.15,29.45,L
BIRLASOFT LIMITED,84.4,85.25,L
BURNPUR CEMENT LTD.,2.35,2.45,L
IBVENTURES RS.1.10 PD UP,143.75,150,L
JAIHIND PROJECTS LTD,0.95,1,L
KAYA LIMITED,600,615,L
MCNALLY BH. ENG. CO.LTD,4.9,5.15,L
PREMIER LIMITED,4.95,5.05,L
SINTEX INDUSTRIES LTD,7.45,7.55,L
UTIAMC - UTIFEFRGR5,6.75,7.35,L
VASCON ENGINEERS LTD,13.15,13.2,L
AKSHARCHEM INDIA LIMITED,295,301.05,L
COX & KINGS FIN SERV LTD,26.4,27.75,L
DIGJAM LIMITED,3.15,3.2,L
GULSHAN POLYOLS LIMITED,47.6,48.2,L
JITF INFRALOGISTICS LTD,12.65,12.9,L
LINC PEN & PLASTICS LTD,212,216.2,L
PROSEED INDIA LIMITED,0.35,0.4,L
SATHAVAHANA ISPAT LTD,6.7,6.95,L
S CHAND AND COMPANY LTD,141,144.1,L
TGB BANQUETS&HOTELS LTD,9.3,9.5,L
THYROCARE TECH LTD,462.95,479.1,L
ADLABS ENTERTAINMENT LTD.,7.6,7.8,L
MONNET ISPAT & ENERGY LTD,22,22.4,L
AIRO LAM LIMITED,24.7,25,L
BALLARPUR INDUSTRIES LTD,2.4,2.45,L
BRIGHT SOLAR LIMITED,18.45,20.6,L
SEC RED NCD 9.05% SR. 1A,950,955,L
EXCEL REALTY N INFRA LTD,1.1,1.15,L
HUBTOWN LIMITED,27.95,29.1,L
JVL AGRO INDUSTRIES LTD,1.85,1.9,L
KSHITIJ POLYLINE LIMITED,23,24,L
LEEL ELECTRICALS LIMITED,13.05,13.7,L
RAVI KUMAR DIST. LTD.,7.35,7.5,L
SITI NETWORKS LIMITED,3.45,3.6,L
SUPERHOUSE LIMITED,104.15,106.25,L
VARDHMAN POLYTEX LTD.,6.9,7,L
VARROC ENGINEERING LTD.,517.2,530,L
ASHAPURA INTI FASHION LTD,9.05,9.45,L
ARROW GREENTECH LIMITED,66,67.5,L
COMPUAGE INFOCOM LTD,13.6,14.7,L
HILTON METAL FORGING LTD,15.6,16,L
IL&FS INVESTMENT MANAGERS,4,4.15,L
PRECISION CAMSHAFTS LTD.,47.2,48,L
QUINTEGRA SOLUTIONS LTD.,0.35,0.4,L
SETCO AUTOMOTIVE LTD,26.05,27.25,L

